MSE,R_cellwise,R_cellwise_residuals,Model,Time
1.795264482498169,0.8906934857368469,0.3336037397384643,baseline_rnaseq,20241206_19:25
1.9773679971694944,0.874747633934021,0.238709807395935,baseline_proteomics,20241206_19:26
2.400241613388061,0.866647481918335,0.0938730910420417,baseline_mutations,20241206_19:26
2.2438533306121826,0.868510901927948,0.1678710877895355,baseline_methylations,20241206_19:26
2.2309958934783936,0.8681628704071045,0.1384337097406387,baseline_cnvs,20241206_19:26
1.810337781906128,0.8862298727035522,0.3206719160079956,baseline_concat,20241206_19:26
1.6461766958236694,0.8975447416305542,0.3270308971405029,baseline_ensemble,20241206_19:26
1.8821817636489868,0.8842520117759705,0.26513490080833435,encoder_sub-network,20241206_19:27
